Index,User Id,First Name,Last Name,Sex,Email,Phone,Date of birth,Job Title,dob
2,3d5AD30A4cD38ed,Jo,Rivers,Female,fergusonkatherine@example.net,+1-950-759-8687,1931-07-26,Dancer,1931-07-26
5,9afFEafAe1CBBB9,Lindsey,Rice,Female,elin@example.net,(390)417-1635x3010,1923-04-15,Biomedical engineer,1923-04-15
6,aF75e6dDEBC5b66,Sherry,Caldwell,Male,kaitlin13@example.net,8537800927,1917-08-06,Higher education lecturer,1917-08-06
14,1CC30c5F204332e,Ralph,Lowe,Female,dleon@example.org,+1-511-127-6660x230,1938-04-10,"Presenter, broadcasting",1938-04-10
19,CF091D6b9Dd4F9c,Courtney,Jenkins,Female,estesana@example.org,(973)243-9193,1948-01-20,Accounting technician,1948-01-20
21,7B247Ca7BbA098d,Emily,Travis,Male,jordankelley@example.com,601.838.8295x89942,1933-11-19,Tax inspector,1933-11-19
23,d62fFce33bbccAC,Ernest,Oconnell,Male,lanedarius@example.com,+1-024-909-1783,1943-06-09,Printmaker,1943-06-09
30,d6203591c7BEB4F,Hunter,Hahn,Female,jimsellers@example.com,975-190-7875x3293,1943-02-22,Chief Financial Officer,1943-02-22
31,f67cb59Eea96a23,Dakota,Gomez,Male,jadecollier@example.com,(291)853-7982x0123,1914-11-26,Insurance broker,1914-11-26
32,94c6aF7DEe2Ad7A,Nathaniel,Clarke,Female,george75@example.org,(984)863-5741x7054,1910-11-23,Information systems manager,1910-11-23
37,b00f07E8F6Ecf6e,Seth,Hess,Male,ebranch@example.net,600-706-8696x839,1910-02-21,Claims inspector/assessor,1910-02-21
40,DFAB00C01CcF860,Angela,Huff,Male,anitamckenzie@example.net,(116)776-0713x4684,1922-09-16,"Pilot, airline",1922-09-16
43,ddd2B9CcEBEe00E,Rachael,Herrera,Male,msummers@example.net,+1-833-716-3269x028,1927-05-04,Armed forces technical officer,1927-05-04
44,355e6511Fa0ff55,Vincent,Berger,Female,shannonrandy@example.org,+1-262-558-4739,1907-12-16,"Psychologist, educational",1907-12-16
46,99A502C175C4EBd,Olivia,Duke,Female,diana26@example.net,001-366-475-8607x04350,1934-10-13,Dentist,1934-10-13
49,EbD7AF6EDF4831e,Chloe,Ramirez,Female,tblack@example.net,355-371-5885x826,1907-07-28,"Psychotherapist, dance movement",1907-07-28
50,afF3018e9cdd1dA,George,Mercer,Female,douglascontreras@example.net,+1-326-669-0118x4341,1941-09-11,Human resources officer,1941-09-11
52,DfBDc3621D4bcec,Joshua,Carey,Female,dianashepherd@example.net,001-274-739-8470x814,1915-01-07,Seismic interpreter,1915-01-07
53,f55b0A249f5E44D,Rickey,Hobbs,Female,ingramtiffany@example.org,241.179.9509x498,1910-07-01,Barrister,1910-07-01
57,D7040faD2d368d8,Steve,Donovan,Male,rebekahsantos@example.net,0258287997,1935-04-14,Paediatric nurse,1935-04-14
63,11Ae1fbab4076b2,Yesenia,Harding,Male,robertablackburn@example.com,(752)468-1821x6065,1906-10-28,"Nurse, mental health",1906-10-28
67,D5BDdFA8A0baa18,Darrell,Fuller,Male,shannonmahoney@example.org,0173701718,1940-10-23,"Engineer, petroleum",1940-10-23
68,9de346CD67Bea2f,Priscilla,Valenzuela,Male,jsantos@example.net,939.856.5702,1943-03-20,"Journalist, newspaper",1943-03-20
69,d2adC15ceDc8Adf,Karla,Steele,Female,gwendolyn67@example.org,+1-153-975-9160x54877,1939-05-09,Surgeon,1939-05-09
71,EBFf87b4dbdcFbD,Joanna,Doyle,Male,barbaralowe@example.com,757.454.8723x425,1938-04-12,"Engineer, structural",1938-04-12
72,32fbdA8e70AeB2d,Lydia,Neal,Female,jeffrey19@example.org,632.827.2115,1939-09-12,Veterinary surgeon,1939-09-12
75,0Fe59D998cacdd5,Seth,Pratt,Male,lawsonsheri@example.org,+1-153-763-3245x239,1948-04-30,Accounting technician,1948-04-30
79,6C2EA6b5e2eda3C,Colin,Conley,Female,glenn29@example.net,717.061.0941,1938-11-29,Surgeon,1938-11-29
88,EAE9F073c808ccc,Jordan,Long,Male,scottspence@example.com,+1-275-728-6459,1913-01-21,Publishing rights manager,1913-01-21
90,1187FDb1d7C98B0,Bethany,Davila,Female,ashley45@example.net,(021)896-7173,1922-08-25,"Surveyor, commercial/residential",1922-08-25
98,e5d840eE5BB6e03,Tony,Melendez,Male,riveralaura@example.net,+1-618-303-1920,1924-01-22,Environmental health practitioner,1924-01-22
99,DdB70783c1181Ad,Lydia,Vargas,Male,carly49@example.com,(656)329-5478,1948-03-06,"Accountant, chartered",1948-03-06
103,bA3e5C6ADeBF8E1,Roberta,Hodge,Male,kfoley@example.com,+1-997-465-0335x4485,1922-04-29,Translator,1922-04-29
105,bcf0DEa3a7585Fd,Taylor,Paul,Male,hector24@example.net,+1-586-452-9418,1946-02-12,Games developer,1946-02-12
111,aA6A5Db8E06C3b1,Victor,Castro,Female,barbara05@example.com,(443)703-9896x46775,1939-10-27,Audiological scientist,1939-10-27
115,D4d937A95711EcE,Tonya,Blankenship,Female,summer68@example.org,001-385-949-1206x66591,1926-09-30,Insurance underwriter,1926-09-30
117,BC1Df0060C2cfDc,Karl,Floyd,Male,franklincarroll@example.org,001-017-417-0832x943,1937-10-03,Metallurgist,1937-10-03
120,4aE4ecaBd55f3C6,Julia,Acosta,Male,saradoyle@example.net,907-736-0570,1915-04-29,Nutritional therapist,1915-04-29
126,1Bb45198c473530,Tim,Ponce,Female,sblair@example.net,001-183-061-5706,1923-09-04,Museum/gallery conservator,1923-09-04
128,a2A4fd285DAD2b4,Autumn,Davis,Female,sierrabrock@example.com,(074)697-9276x0345,1929-11-25,Hydrographic surveyor,1929-11-25
131,aE16A3c90AC05dB,April,Hebert,Male,tammie24@example.org,600.473.3696x9138,1940-02-06,Clinical research associate,1940-02-06
138,B9506A7DdC58b34,Manuel,Castro,Male,michellefranco@example.org,+1-994-294-8696,1949-05-23,Herbalist,1949-05-23
140,7d3402dB0D0d2ae,Hailey,Aguirre,Male,ygregory@example.net,285.170.3468,1936-05-24,"Engineer, manufacturing",1936-05-24
143,cF20CcFDD4E8733,Jorge,Wells,Female,pattersonlatoya@example.net,939.826.3921x144,1908-05-28,Research scientist (life sciences),1908-05-28
144,0c7fc0bFd703d8e,Oscar,Camacho,Female,albertstanton@example.net,853.032.2083,1910-08-23,Fashion designer,1910-08-23
148,a9E3b490AE3B346,Joann,Fuller,Male,pstone@example.net,349.036.6379,1919-03-28,Chief Executive Officer,1919-03-28
153,5AB091FFDe887eC,Monique,Mahoney,Female,vholmes@example.com,001-908-915-3254x88513,1915-08-11,Waste management officer,1915-08-11
156,d5bbEF5AC75B9a5,Peggy,Odom,Male,leah97@example.com,+1-499-039-0998x2391,1929-05-25,"Teacher, music",1929-05-25
159,aDCb1F0eA108aa7,Denise,Hahn,Male,alexagraves@example.com,580-805-3548x8579,1915-04-05,Architectural technologist,1915-04-05
167,aB2Ef1d3f6d6e6E,Phyllis,Sanchez,Male,ramseymaria@example.com,1196895633,1919-12-06,Translator,1919-12-06
169,beC1BB41df95f2D,Maurice,Hodge,Female,micheal55@example.org,179-217-2547,1930-11-01,Garment/textile technologist,1930-11-01
170,E1844addD8eEe76,Brittney,Stafford,Male,avilasarah@example.net,+1-043-555-5103x8803,1917-10-13,"Designer, textile",1917-10-13
176,7eFA59d05df2cA9,Jake,Tate,Male,jorge12@example.com,(186)195-0778x95221,1940-07-12,Primary school teacher,1940-07-12
177,C1e7272dFDFF2C4,Luke,Fletcher,Female,ravensimmons@example.net,(235)702-5980x885,1927-05-16,"Engineer, control and instrumentation",1927-05-16
178,85E1F35FAaDA1Bb,Earl,Yates,Male,malik60@example.com,130.153.8935x98189,1943-01-04,Dietitian,1943-01-04
179,bCb195daBc7263e,Brittany,James,Male,sanfordmalik@example.net,+1-072-501-2836x748,1946-05-19,Purchasing manager,1946-05-19
181,16361CBC0DAFa00,Mckenzie,Beltran,Male,tgiles@example.com,670.842.1891,1914-12-11,"Engineer, electrical",1914-12-11
185,4E641fd49f55bcD,Drew,Sanchez,Male,hartelaine@example.org,904-206-6562x5727,1908-03-03,Early years teacher,1908-03-03
187,6eBdCDac47F3428,Alan,Randall,Male,bernardamanda@example.com,008.797.7605,1945-08-05,"Teacher, special educational needs",1945-08-05
191,CdCDB0F97fF999f,Tami,Compton,Male,wmacdonald@example.org,(631)637-3650,1915-05-16,"Nurse, mental health",1915-05-16
192,26A154Aa4318fFd,Grant,Esparza,Female,levinebianca@example.net,044.291.0252x559,1907-02-16,Historic buildings inspector/conservation officer,1907-02-16
193,8f3015cAb55F348,Sherri,Williams,Male,smithjasmine@example.com,025-325-6554,1925-10-18,"Engineer, broadcasting (operations)",1925-10-18
199,75Afa67CffE0Dd9,Evan,Howe,Male,huffwyatt@example.com,614.309.7804x6157,1906-06-30,Accommodation manager,1906-06-30
201,dEEb9bDB65Ed4fB,Stephanie,Nunez,Female,kaitlynwoodward@example.com,255.317.6663,1914-11-04,"Engineer, automotive",1914-11-04
203,c23aDdb939f4D7F,Sonia,Parks,Female,betty58@example.com,862-457-9311x766,1919-01-12,Manufacturing systems engineer,1919-01-12
204,81Ff5cfd97ACBd4,Curtis,Zamora,Male,isaiah96@example.org,473-759-5577x515,1915-07-24,"Engineer, manufacturing",1915-07-24
208,2F704AacCEbAb2b,Alan,Shaffer,Male,fitzpatrickwhitney@example.net,422-538-3403x6546,1938-10-04,Adult nurse,1938-10-04
211,DF17975CC0a0373,Katrina,Duke,Female,robin78@example.com,740.434.0212,1935-09-21,"Producer, radio",1935-09-21
214,AbcE3CcC947cbBD,Makayla,York,Female,xolson@example.net,772.561.6125,1945-01-30,"Librarian, academic",1945-01-30
216,E03EbCFDDcE1f1f,Christian,Mosley,Male,anthonyalexa@example.net,+1-294-763-6641x9199,1945-11-20,Production manager,1945-11-20
219,Efa5aa3e87ed1D7,Helen,Maynard,Male,bthornton@example.com,671.841.5883x575,1944-06-15,Research scientist (medical),1944-06-15
221,29cb6ecF75451Cc,Danielle,Howard,Female,rodney01@example.net,232-108-8414,1920-04-08,Set designer,1920-04-08
223,0aB79DDdEDdAe0b,Renee,Alvarado,Female,louis68@example.org,001-617-904-1011x95460,1922-03-23,Accommodation manager,1922-03-23
227,11e509B23bA84f8,Dominic,Buchanan,Male,angelica52@example.org,079.562.5967x89842,1914-06-17,Logistics and distribution manager,1914-06-17
228,9a8B1B4f4eEAb57,Gordon,Hess,Male,yvonne71@example.org,148-019-8226x01837,1912-09-14,Lobbyist,1912-09-14
231,FC8fa29F2D57eCe,Geoffrey,Lawrence,Female,mcross@example.net,001-339-180-2004,1939-02-22,"Pharmacist, hospital",1939-02-22
232,003faaEB83B8A0B,Charlene,Schwartz,Male,jonathoncarroll@example.net,(654)360-0206,1945-11-23,Dispensing optician,1945-11-23
234,78e17EBCd8dDbc6,Leslie,Patel,Male,copelandshaun@example.net,780.016.9045x1922,1907-04-28,"Civil engineer, contracting",1907-04-28
236,A5bBa8B5737bF18,Deanna,Ford,Male,josephkimberly@example.com,001-757-819-4529x63002,1928-08-08,Geophysicist/field seismologist,1928-08-08
239,CA4e2d7d6f7d6fB,Sharon,Torres,Male,gary51@example.org,0075514069,1911-09-28,Oceanographer,1911-09-28
241,ebceFfe3e95DA36,Jean,Harmon,Female,tstafford@example.com,423-011-4943x091,1914-09-13,Geophysicist/field seismologist,1914-09-13
250,0ae5987cCC3EbcB,Jacqueline,Harper,Male,henry51@example.net,1301630752,1938-01-03,Insurance underwriter,1938-01-03
251,821BBcC7EA6B83b,Kara,Bruce,Female,marcowen@example.org,447-321-4820,1937-11-10,Chemical engineer,1937-11-10
252,34F6f315c51B749,Caroline,Lindsey,Male,hesscole@example.net,(513)800-9631,1944-11-20,Insurance broker,1944-11-20
253,a6BfA20EDDd4317,Meagan,Salazar,Male,mmeadows@example.com,558.587.7098,1929-07-27,Music therapist,1929-07-27
258,d81C0AeE4ba2ACb,Pamela,Hutchinson,Female,marczimmerman@example.org,183.881.9355x2468,1942-07-25,Stage manager,1942-07-25
259,cDbDF7B189fcfDb,Yolanda,Stanton,Male,cookeannette@example.net,149.501.1590x5315,1908-05-17,Banker,1908-05-17
261,Bcde4A17Aa9D059,Taylor,Benton,Male,alvin05@example.org,+1-329-571-4597x143,1914-06-06,Clinical cytogeneticist,1914-06-06
266,a5cebB3ff1f279E,Kristina,Krueger,Male,fstuart@example.org,3866458129,1935-10-27,Medical laboratory scientific officer,1935-10-27
269,B93d9dCF40B31A8,William,Ingram,Female,pcurtis@example.com,806.073.4010,1926-01-18,Health physicist,1926-01-18
271,06D45f32D614AAe,Krista,Booker,Male,karina40@example.com,605-274-3835,1909-07-13,Adult guidance worker,1909-07-13
277,D90b96F7f39f00f,Allison,Walls,Male,ithomas@example.org,+1-831-337-4453x69562,1938-10-02,"Programmer, multimedia",1938-10-02
279,510EBCCeF8FABe0,Desiree,Beltran,Female,mcbridehunter@example.com,+1-044-198-1145x772,1929-08-03,Photographer,1929-08-03
281,f42aB1cd1fc1B59,Albert,Cross,Male,vsoto@example.com,987-424-9440x903,1906-12-27,Diplomatic Services operational officer,1906-12-27
287,B40923EA0F7b9d8,Ralph,Richards,Female,alexa92@example.com,3328594631,1942-01-30,Contractor,1942-01-30
288,bE0FB0ACceD7cD0,Stefanie,Castillo,Female,holdenanne@example.com,+1-842-718-8551,1924-04-12,Ship broker,1924-04-12
291,D269D6cDBEB29b5,Pamela,Dean,Female,randyhogan@example.org,6119355874,1946-02-11,Product manager,1946-02-11
294,DB64F2e35ab51b4,Leon,Guerrero,Male,hbright@example.net,586.034.1297,1924-02-22,Translator,1924-02-22
300,caBE9a5064ceBfB,Gary,Blackwell,Male,royjay@example.org,(786)106-0223,1939-08-25,Facilities manager,1939-08-25
305,0b91dFFFc17f5A8,Tristan,Aguirre,Male,kcarroll@example.org,2526790147,1928-09-10,Paramedic,1928-09-10
306,Ca9E100bcEbbB0e,Jessica,Stokes,Male,millerharry@example.com,001-533-240-1695x679,1945-08-24,Control and instrumentation engineer,1945-08-24
307,362D0033BCa5D4e,Kerry,Downs,Male,johnsdawn@example.net,943-245-8254x8788,1906-09-25,"Doctor, general practice",1906-09-25
308,4dE9EDDe64A5A1C,Megan,Owen,Female,cpeck@example.net,386-935-3146,1921-08-18,Corporate investment banker,1921-08-18
312,53a8165b5eFDeBb,Alex,Newton,Female,jerryhenson@example.net,061.212.6336,1941-06-12,"Surveyor, hydrographic",1941-06-12
318,EbeBaF711EecFa4,Frederick,Villegas,Female,pamlozano@example.net,416-187-9026,1927-08-18,"Programme researcher, broadcasting/film/video",1927-08-18
319,6f09DcBFED2E9bE,Angel,Vance,Male,slarson@example.com,649-364-1585,1949-07-25,Media buyer,1949-07-25
330,810Cee3Cb9E7740,Candace,Case,Female,michael90@example.org,9243744843,1911-07-10,Operations geologist,1911-07-10
331,CBff85B9A4A4Aa3,Valerie,Welch,Female,iortiz@example.net,001-607-800-4979x96494,1918-06-07,Brewing technologist,1918-06-07
333,b9b02AbadcD77Ee,Phillip,Barnes,Female,ferrellamanda@example.org,203-841-2499,1917-02-23,Architect,1917-02-23
335,dF2fC9cE842641b,Daniel,Morris,Female,gillespiebruce@example.org,916-379-5370x9984,1926-05-07,"Nurse, mental health",1926-05-07
337,99375ddcf9ADB4b,Kirk,Norton,Female,hahnroberto@example.org,825.175.3063x06412,1923-04-07,Broadcast presenter,1923-04-07
340,FFfA65f10a35E4A,Ariana,Hickman,Male,morganwendy@example.net,(278)093-3663,1948-06-04,Podiatrist,1948-06-04
349,dCA2E3af07ed79d,Darryl,Barton,Female,danielskim@example.com,0309854071,1922-12-29,Prison officer,1922-12-29
351,e9ad1A35EEDE512,Bernard,Schroeder,Male,walter74@example.net,950.519.1474x5235,1943-07-17,Early years teacher,1943-07-17
355,2d6993bBcBBFE58,Eduardo,Rodgers,Female,christyrichards@example.net,(934)434-0536x044,1911-01-30,"Librarian, academic",1911-01-30
356,c2A8DC6D0Cd1fB4,Robert,Avila,Male,judithpotts@example.com,417-175-6316,1944-04-14,Forensic psychologist,1944-04-14
357,b3dcF7DFecB31A1,Jermaine,Michael,Female,meghan13@example.com,102-357-5047x964,1937-02-16,Medical laboratory scientific officer,1937-02-16
361,CBBE3b613E5EA09,Jamie,Jimenez,Female,reevesphilip@example.net,193-705-1010,1919-12-09,Social worker,1919-12-09
368,41C9C171F0e66FD,Emma,Hinton,Female,nichole84@example.org,416.377.5635x626,1934-03-29,Education administrator,1934-03-29
369,3Ed2FEE49BF6ae1,Kara,Esparza,Male,cfrancis@example.com,517.501.4960,1943-10-14,"Scientist, research (medical)",1943-10-14
371,A5bA09eaEC487D3,Preston,Erickson,Male,hectorchristensen@example.com,712.074.3771x26390,1934-10-29,"Research officer, trade union",1934-10-29
372,a77Eca88d9a36C5,Brittney,Norris,Male,albert29@example.com,771-157-8817x42260,1926-12-02,Clinical embryologist,1926-12-02
373,7feEdDc7bd8f38C,Gilbert,Lin,Female,louisgould@example.org,614.800.0257x53837,1910-09-07,Medical physicist,1910-09-07
378,A21b0F9a2a762fe,Cameron,Gray,Male,vicki49@example.org,(997)042-7826,1930-04-10,Animal technologist,1930-04-10
379,6355f81A0aFfFfD,Calvin,Gilbert,Female,dustinclayton@example.org,001-085-594-4559x872,1945-04-16,Best boy,1945-04-16
380,d49EcceD0Fe3FfB,Glenn,Graves,Female,jermainewalters@example.net,(742)983-1958x88209,1929-03-27,Visual merchandiser,1929-03-27
382,6c2B7c0DaD5bAD3,Wyatt,Monroe,Male,btaylor@example.com,(941)198-6784x51878,1929-03-01,Records manager,1929-03-01
386,A64b3f208cf312e,Julian,Sherman,Female,zsantana@example.com,907-675-0674,1941-05-02,Radio producer,1941-05-02
388,Fc86a2288ebfdAd,Leonard,Parsons,Female,christinaconner@example.com,+1-322-128-5896,1942-09-07,Seismic interpreter,1942-09-07
389,CccE68e2611CB67,Nina,Giles,Male,mchase@example.com,679-582-1062x14875,1943-01-13,Legal executive,1943-01-13
391,9C340401d2E861f,Mandy,Green,Male,jesushowell@example.com,001-597-675-6361x0485,1915-09-03,Market researcher,1915-09-03
394,E95cF2ADa9cd5De,Whitney,Vargas,Female,kirkoliver@example.com,001-729-772-8427,1946-03-04,Geochemist,1946-03-04
397,a816CbCbbd4f233,Grant,Morrison,Female,edward48@example.org,603-124-4407x470,1906-12-29,Glass blower/designer,1906-12-29
398,CEC378179933f4F,Bradley,Douglas,Male,ymunoz@example.org,838-094-8445x4980,1921-10-21,Environmental health practitioner,1921-10-21
399,00bBcB58a9D114c,Roberto,Yu,Male,barbaragreene@example.org,284.011.6269x7372,1910-07-17,Logistics and distribution manager,1910-07-17
407,f515A6dDdbCFD4B,Jessica,Chambers,Male,mark07@example.com,566.253.5450,1923-02-01,Field seismologist,1923-02-01
408,A6DDea6bB9A5d18,Summer,Escobar,Male,kelseyholden@example.com,221-605-4196,1909-09-19,Dealer,1909-09-19
410,6995ED0DBaCC148,Gabrielle,Fritz,Female,gene66@example.com,(694)789-6740x4269,1926-03-02,Clothing/textile technologist,1926-03-02
413,AAF953ce6519B3a,Holly,Manning,Female,vmckinney@example.net,8792929924,1915-06-06,"Radiographer, therapeutic",1915-06-06
414,c1711ACe52AFFC8,Samantha,Barr,Female,qromero@example.net,481.940.8804x068,1920-09-01,"Programme researcher, broadcasting/film/video",1920-09-01
419,62d4BBecd04c1D6,Gregg,Hurst,Male,edwarddennis@example.org,027.309.9261x686,1940-12-23,Furniture designer,1940-12-23
426,17cfdDe5c065ab5,Grace,Bolton,Male,efrey@example.net,+1-665-399-5184,1941-04-30,Energy engineer,1941-04-30
432,23fEF7f7C07FcBc,Carla,Marshall,Male,maxwell65@example.com,001-877-739-6300x3419,1917-08-23,Arts development officer,1917-08-23
441,ace63bFCc6E8E88,Jocelyn,Hodge,Female,lvazquez@example.com,179-136-1668,1934-03-11,Sport and exercise psychologist,1934-03-11
443,Ad1c6fE266De0ce,Whitney,Burke,Female,carlrosales@example.com,2979077002,1927-05-01,Media buyer,1927-05-01
445,Fa75A5784A3dE2C,Valerie,Koch,Male,nwallace@example.net,950.637.4269,1911-03-15,Geochemist,1911-03-15
446,aa01BBDfDbcee59,Kiara,Miranda,Female,alvarezamber@example.net,266.302.9944x37292,1920-08-26,"Designer, furniture",1920-08-26
451,cDCbb25aa87Af7D,Diane,Patel,Male,marco98@example.org,+1-114-251-7848,1930-02-11,Media buyer,1930-02-11
455,04Ab34AF7FDD5e1,Haley,Gay,Male,davilaallen@example.org,129-167-7289,1939-05-19,"Surveyor, planning and development",1939-05-19
456,8e0D0df4EDD0Bae,Megan,Roberts,Male,nathaniel50@example.net,(296)560-4606x127,1929-12-21,Artist,1929-12-21
463,1AcD0ccddF0DCf9,Nathaniel,Shaffer,Female,marcusmadden@example.org,4019101915,1942-04-13,Jewellery designer,1942-04-13
466,5dDDcBeFEDa268f,Drew,Valentine,Female,sandra27@example.com,001-867-462-6437x986,1943-12-09,"Horticulturist, amenity",1943-12-09
469,eb2A96D54cAb5c6,Elijah,Barnett,Male,hayley69@example.com,187-629-0069x666,1907-03-19,Minerals surveyor,1907-03-19
470,45241fd9cCfaA29,Jeanne,Mata,Female,fmercado@example.com,540-691-8062x229,1940-02-17,Technical brewer,1940-02-17
471,9cCe4d460980cdA,Sylvia,Cisneros,Female,perezdana@example.net,(562)770-0620x070,1914-12-31,Phytotherapist,1914-12-31
474,4ffEeea05D7b7ab,Tracey,George,Male,dorothyhaas@example.org,345-071-0901,1931-08-06,"Accountant, chartered public finance",1931-08-06
477,CC48BFF6057dE79,Rodney,Obrien,Female,hardinross@example.net,338-742-1755x20799,1931-10-01,Printmaker,1931-10-01
483,F258Cc9fc813BFA,Elaine,Nichols,Male,kelsey75@example.com,(768)340-5471x37859,1920-01-31,Investment analyst,1920-01-31
484,28eD3aB6E0f464B,Ross,Carrillo,Male,bknapp@example.net,+1-317-135-1701,1907-01-19,"Teacher, primary school",1907-01-19
485,aD92Df9Efe5950C,Blake,Long,Male,navila@example.net,440.831.7052,1922-02-12,Radiation protection practitioner,1922-02-12
486,Dc4B211215cDAdC,Johnny,Phillips,Male,francis02@example.org,1037883254,1948-03-30,Maintenance engineer,1948-03-30
488,a3c4c0fEE9fdee9,Louis,Hayden,Female,wvasquez@example.org,(523)377-8571x2287,1945-11-15,Haematologist,1945-11-15
491,6d6C1d45B3B9507,Claudia,Leon,Male,brittney08@example.org,(679)692-7198x9109,1931-11-19,Occupational hygienist,1931-11-19
492,DBB6059dF096fa8,Evan,Logan,Female,shermanlacey@example.net,303.083.3066,1920-01-20,"Engineer, civil (contracting)",1920-01-20
493,0BDeC9Ae4A14b87,Monica,Fry,Female,clarkeshaun@example.net,001-390-730-5653x49003,1911-03-21,Chiropodist,1911-03-21
494,fdd16C2cB2631F0,Caleb,Nguyen,Female,janice77@example.com,(370)809-0651x2330,1949-04-23,Osteopath,1949-04-23
497,eC15B0388fc6A1E,Seth,Bullock,Female,joann83@example.org,027-061-5404,1920-08-15,Publishing copy,1920-08-15
501,dFaB7Bc81Df7EFE,Melody,Clayton,Female,lynn01@example.net,+1-021-934-3005x16455,1909-12-01,"Investment banker, operational",1909-12-01
507,E87cf2dc71eFEd1,Dan,Woodard,Female,stewartalan@example.net,001-698-038-8121,1940-04-19,Psychiatric nurse,1940-04-19
509,22A3f7DdA2f4CbD,Clayton,Flowers,Female,brennanamanda@example.net,+1-238-636-3961x830,1945-08-26,"Scientist, research (life sciences)",1945-08-26
510,B93dCdCCA9aee5e,Rita,Jefferson,Female,ijacobson@example.com,(264)357-4205x76487,1907-04-01,Media planner,1907-04-01
512,c68d7D9e4f37ad0,Sally,Strickland,Male,ibrooks@example.com,594.225.6371,1936-03-24,Corporate investment banker,1936-03-24
513,e5FcF92Af51de3A,Janice,Wood,Male,shauncompton@example.net,6197030159,1948-08-23,Podiatrist,1948-08-23
526,7fdEf92EFD9a035,Ariel,Wilkinson,Male,reynoldsstacey@example.net,001-568-522-6288x737,1921-05-23,Medical illustrator,1921-05-23
533,22A2538bBcCBf1C,Judy,Meyers,Male,myersanita@example.org,361-858-9274x1106,1906-09-07,Technical brewer,1906-09-07
540,effC88CfAbbC5f1,Isabella,Caldwell,Female,tterry@example.net,001-594-212-6731x9666,1939-07-28,Geophysicist/field seismologist,1939-07-28
541,7f7FFaa2d63b1a7,Janet,Mcgrath,Male,rabbott@example.org,977-255-5446,1917-09-25,Quality manager,1917-09-25
544,8D7Abd69EBcabCb,Cristian,Chavez,Male,marissavalentine@example.org,165.175.6919,1940-07-06,"Journalist, magazine",1940-07-06
546,660FcEEffCAbF4a,Kyle,Bruce,Male,langdustin@example.net,9455464754,1919-10-05,Mechanical engineer,1919-10-05
547,4ab12D986DeafDc,Jacob,Arroyo,Female,manuel98@example.com,414-392-5263x6879,1944-11-10,Prison officer,1944-11-10
549,Ad3eeD6281043bB,Jasmine,Chapman,Female,perry90@example.com,(933)464-5698x45607,1914-07-28,Education administrator,1914-07-28
551,6da0A79eB0aAF5c,Rebecca,Castillo,Female,parksseth@example.net,001-702-861-2892x431,1935-02-14,Sports therapist,1935-02-14
553,22cd7dca009E6b1,Clifford,Shields,Male,felicia16@example.net,406-708-9191x835,1935-09-30,Armed forces operational officer,1935-09-30
559,6A8E5aE93ef7Aff,Virginia,Sparks,Female,chanalyssa@example.com,852-229-9812,1942-02-12,Recycling officer,1942-02-12
561,6CB75D1B2ab98E8,Lorraine,Andersen,Female,glendamueller@example.net,+1-468-257-9242x76156,1932-12-30,Fitness centre manager,1932-12-30
562,B1ffb1704b624FB,Kendra,Buck,Male,jkeller@example.com,(127)799-1270x82908,1945-09-04,Armed forces logistics/support/administrative officer,1945-09-04
563,E6bB801aCD2F2a0,Aaron,Wheeler,Female,wilcoxalexis@example.net,051.164.3836x1685,1942-02-22,Investment analyst,1942-02-22
565,42069E2a97adFCb,Terri,Stout,Male,jeanne07@example.com,703.544.7090,1911-05-08,Agricultural engineer,1911-05-08
567,09bfCF9a254fDBC,Jeremy,Gonzales,Male,patriciaenglish@example.org,+1-128-137-6418x243,1945-05-05,Dramatherapist,1945-05-05
568,f0Ece0Adc57469f,Edward,Mcintosh,Male,tcantrell@example.org,9019244242,1946-04-19,"Conservation officer, nature",1946-04-19
569,bdEbae54edc2b23,Sabrina,Wilkerson,Female,aaronmonroe@example.com,(958)003-4052x152,1913-06-01,Insurance claims handler,1913-06-01
572,b55f4a156a24024,Connor,Benitez,Female,ballardtina@example.net,+1-826-090-7747x105,1908-06-12,Physiological scientist,1908-06-12
573,9AE7aF4ddAdEA5f,Angela,Pruitt,Female,gbeard@example.com,557.677.3532x4837,1948-06-24,Paediatric nurse,1948-06-24
580,fAd50CaEC5De3a2,David,Cooper,Female,hross@example.net,+1-137-781-8287,1924-12-01,Trade mark attorney,1924-12-01
583,Aca5354F4cFDE1f,Jake,Shannon,Male,abautista@example.com,+1-816-761-2844,1934-04-18,Clinical embryologist,1934-04-18
585,bBad672CaFe2Bf2,Carrie,Newman,Male,medinachristie@example.org,+1-420-405-1011x88746,1947-04-06,"Sound technician, broadcasting/film/video",1947-04-06
590,67844458acb8E4f,Kaylee,Skinner,Female,gfrazier@example.org,8644645062,1918-12-04,Tourism officer,1918-12-04
594,1EB8ac9BE8bbC8a,April,Love,Female,kluna@example.net,4807677857,1919-11-17,Early years teacher,1919-11-17
597,220bEfDd34E26EC,Evan,Kerr,Female,clarencesimmons@example.net,127-623-1585x1524,1925-07-21,"Clinical scientist, histocompatibility and immunogenetics",1925-07-21
599,a93ce099dd11BB0,Jo,Beasley,Female,romananna@example.org,(018)678-2206x0567,1909-12-31,"Engineer, manufacturing systems",1909-12-31
602,ec2Cc8fbFBF8F8D,Natalie,Velasquez,Female,bbarnett@example.org,+1-408-185-3192x61329,1949-01-31,"Psychotherapist, child",1949-01-31
603,D25eCcABfFE4C5c,Dominic,Friedman,Male,hancockpaige@example.org,222.140.6767,1908-07-26,Cartographer,1908-07-26
605,BE2A1E276a26bA1,Kristin,Wang,Female,cristiannicholson@example.org,+1-591-330-0881x096,1923-11-22,Civil Service administrator,1923-11-22
606,65C7BEd9cb1B8aA,Rick,Chavez,Male,katelynpowell@example.org,307-237-1729x611,1920-12-16,Armed forces training and education officer,1920-12-16
609,E3f1FCb09027344,Lisa,Roy,Male,schroedereileen@example.com,001-843-757-8991x4644,1913-06-22,Music therapist,1913-06-22
612,0CfCCfc4617b8fd,Howard,Sosa,Female,joshuawhitehead@example.net,574.033.2464x8931,1929-01-06,"Engineer, maintenance (IT)",1929-01-06
614,59F389BC8b480eC,Katelyn,Burns,Male,johnswesley@example.net,+1-166-938-8350x666,1936-01-08,"Psychologist, counselling",1936-01-08
616,35b3eD70Ba7bfF9,Rickey,Sims,Female,yolanda29@example.net,405-736-1929x0513,1914-12-11,Event organiser,1914-12-11
619,936CC4d80a9960F,Charlene,Abbott,Female,morganoscar@example.net,381.196.5445x1259,1929-05-22,Barrister's clerk,1929-05-22
622,BD4D1Ce1cE4daA3,Theresa,Zavala,Female,gallagheraimee@example.net,511-014-2837,1932-11-28,Charity fundraiser,1932-11-28
623,eCD633518f1E6ed,Darlene,Underwood,Female,geoffrey78@example.org,(944)679-9958,1949-01-23,Systems analyst,1949-01-23
627,10a20299ba5e079,Fernando,Escobar,Female,alejandro98@example.net,9140509503,1935-09-27,Printmaker,1935-09-27
632,8bC1dECdBE9C486,Max,Hanson,Female,dylanmccall@example.com,707.325.1888x302,1938-08-25,Physiotherapist,1938-08-25
636,FbB1eCd50d46bbf,Lorraine,Miles,Male,wiseroberta@example.com,001-254-029-8422x633,1925-09-28,Advertising account executive,1925-09-28
637,D2A1597db9DD6cb,Heidi,Berger,Male,graycarrie@example.net,6263040526,1934-11-06,Phytotherapist,1934-11-06
638,f4EfF9e2fc4D0bC,Jaime,Kelley,Female,onealstephen@example.com,001-822-411-1494x3587,1941-03-26,"Journalist, broadcasting",1941-03-26
639,CBA7CBab9Dfeabe,Brittany,Conner,Female,jennaguerra@example.com,+1-568-518-8771,1936-06-02,Operations geologist,1936-06-02
640,FFB77320B39ea0E,Christy,Martin,Male,cassandrafrazier@example.com,737.858.9707x96904,1928-05-27,Furniture designer,1928-05-27
649,8FB6bFbdf6d5AFD,Diamond,Huber,Female,kathleenlivingston@example.net,240.542.9508,1917-08-27,Secondary school teacher,1917-08-27
650,EcF5c3AAa4aBB82,Bryan,Oconnell,Male,rebecca49@example.org,(624)931-9690x37093,1931-01-27,"Engineer, maintenance (IT)",1931-01-27
654,77F47E08CfbCa65,Darren,Hamilton,Female,kaylee41@example.com,+1-286-378-9964x78084,1930-05-22,Mental health nurse,1930-05-22
656,5b8EC2B3CE232Dc,Christina,Barnett,Female,spencerdean@example.net,961.827.9503,1923-12-04,Firefighter,1923-12-04
657,A93DD75a1B1aC2a,Tabitha,Beltran,Female,morsebernard@example.net,595.653.8428,1915-11-30,"Engineer, communications",1915-11-30
659,F16A25630bcb0CC,Katrina,Jordan,Female,joel78@example.com,789.800.4253x0894,1934-04-27,Planning and development surveyor,1934-04-27
662,f1433fdBF2aF214,Kristie,Cameron,Female,achristensen@example.com,233-072-2674,1932-01-11,Management consultant,1932-01-11
663,7f988e027112551,Tracy,Yang,Female,daringonzales@example.com,345-714-8209x42069,1914-12-10,Company secretary,1914-12-10
664,0dF8df0E0e1Cf4B,Hayley,Hess,Female,tranpatty@example.org,001-206-916-4788,1917-02-02,"Exhibitions officer, museum/gallery",1917-02-02
665,edf83d698CAcdD2,Joanne,Moody,Male,alexandersantiago@example.net,4008095210,1939-06-30,"Designer, industrial/product",1939-06-30
671,F593F1abdecC4bc,Shari,Gillespie,Female,terrenceware@example.net,+1-433-681-7720x437,1927-02-08,Sports development officer,1927-02-08
672,79fBAFAdA0Cc4c3,Caitlyn,Webb,Male,jhancock@example.com,(291)707-9579x2558,1930-05-26,Fine artist,1930-05-26
673,CE058D7DB97D0Df,Cathy,Gallagher,Female,lwalker@example.org,654-490-7760,1947-01-25,Nature conservation officer,1947-01-25
675,6F140eDaa8EaBfF,Bianca,Merritt,Male,danawatts@example.com,889-865-0121,1911-08-06,Architectural technologist,1911-08-06
676,cFeE691ffA1c254,Kenneth,Sanchez,Male,rhondakrause@example.net,367.457.3561x85144,1939-06-27,"Secretary, company",1939-06-27
682,7f1600A9e94BcDB,Craig,Duffy,Male,jeffersonbrittney@example.net,001-346-209-9798,1939-12-08,Operations geologist,1939-12-08
683,bC702C45cBCCa3F,Tami,Patton,Female,blackburnmiranda@example.net,936.049.2941,1945-02-17,Web designer,1945-02-17
684,7d36C7aBBbf4b83,Erik,Summers,Male,woodarddarryl@example.com,(675)861-9186x42301,1946-01-04,Glass blower/designer,1946-01-04
686,dBF044bC70d8afd,Kendra,Bird,Female,yhubbard@example.com,+1-747-531-3558x936,1915-02-09,Civil Service administrator,1915-02-09
687,80e5d8dD8aFAdcb,Heidi,Odonnell,Male,lambdennis@example.org,866-536-9033x4711,1936-02-06,Water quality scientist,1936-02-06
689,FF2F15A0c3e6Df6,Betty,Quinn,Female,cherylhuang@example.org,(261)395-6954,1910-06-04,Applications developer,1910-06-04
691,caEcaEe8b14Cfae,Emily,Molina,Male,xrusso@example.net,+1-469-192-3212x9080,1922-11-15,Personnel officer,1922-11-15
692,C7e5E19673db661,Kristine,Dyer,Female,autumn44@example.org,(444)884-1054,1919-09-11,"Engineer, civil (contracting)",1919-09-11
693,7EDC571BC5fb2Cc,Brad,Crosby,Female,ydillon@example.net,864.929.4371,1948-01-12,Magazine journalist,1948-01-12
694,1D2cA9eDfc7aAAC,Drew,Beck,Male,evelyn76@example.org,+1-787-518-8961x01222,1927-03-24,Heritage manager,1927-03-24
706,5E0A3C8fe14c45e,Patrick,Landry,Female,garciaeduardo@example.net,369-852-5458x093,1913-02-26,Dramatherapist,1913-02-26
707,2d4bFC48Fa759eC,Claire,Esparza,Male,maysmelvin@example.org,070-373-7500x981,1948-04-21,Automotive engineer,1948-04-21
708,2bA0A8BBbAEFF68,Evan,Sheppard,Male,pnovak@example.com,572.316.2027x103,1940-05-07,Fashion designer,1940-05-07
712,F7bf5c95e39b7BE,Jane,Zamora,Female,vanessa70@example.com,131.546.8652,1933-06-05,"Accountant, chartered certified",1933-06-05
716,C54D6636EBAAD95,Ronnie,Hurley,Male,cathycalhoun@example.com,+1-126-628-2160x7655,1915-04-13,"Teacher, English as a foreign language",1915-04-13
718,029daB8F128B645,Javier,Mata,Male,melvin39@example.org,+1-471-180-1992x400,1948-10-04,"Nurse, mental health",1948-10-04
719,fAe6254d1E37D0d,Cassie,Price,Female,barbarakrause@example.org,985.118.4184x45627,1924-05-05,Furniture designer,1924-05-05
725,D25CCce21EFbe7F,Johnny,Daugherty,Male,valdezdana@example.org,1322562407,1931-06-19,"Therapist, drama",1931-06-19
726,7e9af03228B5Cb9,Gabriel,Bird,Male,jeaton@example.com,115-459-8166,1944-02-24,Health promotion specialist,1944-02-24
728,d2fFe97a32647f6,Reginald,Roach,Female,parsonsrussell@example.org,+1-565-673-5509x055,1915-04-19,Restaurant manager,1915-04-19
729,f2659f09BB9d186,Kimberly,Kirby,Male,xcabrera@example.com,001-772-704-4112,1921-02-04,Senior tax professional/tax inspector,1921-02-04
732,bF6e50d8Ca9f8F9,Jo,Kidd,Female,sherrybenton@example.org,+1-231-981-7467,1906-09-04,"Engineer, maintenance (IT)",1906-09-04
734,FF932e2bcccb9B2,Allen,Fitzgerald,Female,sherylclay@example.org,+1-578-032-3490x96379,1934-02-22,Probation officer,1934-02-22
738,BBa02EC792cfFf3,Heidi,Avila,Female,willisannette@example.org,5209615749,1925-11-10,Industrial/product designer,1925-11-10
740,d8D3Ed36fa630bE,Sergio,Rangel,Female,catherineholden@example.com,001-246-522-7417x131,1947-12-09,Multimedia programmer,1947-12-09
746,e80Fa1FFD1Eb46A,Jerome,Dougherty,Male,fernandomason@example.net,695-903-9909x6258,1909-09-06,Clinical biochemist,1909-09-06
749,eaAda801D24C59C,Rick,Mosley,Male,howardariel@example.com,226-772-8465x83216,1948-03-11,Video editor,1948-03-11
750,f18c18ab8Ab27Fc,Reginald,Howard,Male,lindseyleblanc@example.com,001-944-928-2350x1413,1921-08-20,Astronomer,1921-08-20
751,43A1757E8DbA223,Chad,Manning,Male,lhuffman@example.org,+1-119-052-8161x077,1929-04-23,Contractor,1929-04-23
757,cCbd920BE02ee0F,Wayne,Guzman,Male,suzannemaxwell@example.org,001-433-809-2376x5082,1924-08-20,Social worker,1924-08-20
761,eABE50FeE6c751b,Jason,Downs,Female,lhooper@example.org,(953)294-7560x96973,1916-05-27,Mudlogger,1916-05-27
763,424F7Df575a3065,Joy,Meadows,Female,nathanibarra@example.com,(556)086-8977x05405,1949-07-22,Intelligence analyst,1949-07-22
766,faCaD334e8Eef84,Pam,Jennings,Male,alisha35@example.com,(756)056-8238x253,1912-10-20,Paediatric nurse,1912-10-20
767,F32De403D1DBac2,Julie,Mckay,Female,cathy34@example.com,+1-109-323-9655x934,1934-02-02,Sports administrator,1934-02-02
771,dC121D6cCe812fa,Sheena,Crawford,Female,miranda19@example.org,570-822-0078x900,1907-05-18,Ceramics designer,1907-05-18
775,5CAbD9dF096Aa13,Katrina,Woods,Female,haileydurham@example.org,001-588-469-9770x4897,1923-08-29,"Surveyor, building control",1923-08-29
780,e8Cb6Bc924f9FDe,Vernon,Hancock,Female,simmonsrickey@example.net,577-438-8617x3980,1936-11-04,"Development worker, international aid",1936-11-04
783,Dba3CD8ABD2D807,Heidi,Roman,Male,jasmine45@example.com,511.086.7178,1944-03-31,Fine artist,1944-03-31
787,FFdAE44a6E3A64C,Christine,Payne,Male,ihouse@example.org,+1-656-627-9739x10338,1913-06-13,Art gallery manager,1913-06-13
788,27eeC47948DFD15,Barbara,Ramirez,Female,kiddmakayla@example.com,956-042-9355x04371,1919-02-06,Ambulance person,1919-02-06
791,668E9F3f3fbfD6f,Angelica,Anthony,Female,andre30@example.org,(396)368-5082,1943-11-12,Advertising account executive,1943-11-12
794,Da915B5ed8D97d4,Calvin,Thomas,Male,munozglenda@example.com,807-969-6087x54319,1909-06-06,"Conservation officer, historic buildings",1909-06-06
796,5150EF9E1cfceb2,Caitlyn,Bass,Male,xjohns@example.com,+1-842-242-5690x30077,1910-09-02,Dietitian,1910-09-02
797,3fEA9f572A3af9D,Tony,Holmes,Male,alecblake@example.org,+1-238-082-1116x730,1949-07-01,"Engineer, production",1949-07-01
798,7b8cD5a408faDB0,Lydia,Cisneros,Male,phillipspence@example.net,778-379-1284x893,1922-12-23,"Editor, film/video",1922-12-23
799,a1169FdfbB173E8,Debra,Knight,Female,hhayden@example.net,661-621-6341x47106,1924-08-22,Actuary,1924-08-22
804,c96f6E281e57197,Gilbert,Wilcox,Female,elynch@example.com,009-993-1736x5806,1911-01-18,Historic buildings inspector/conservation officer,1911-01-18
805,18941F347C6EFd2,Frances,Gilbert,Female,stacey22@example.com,906.240.9278,1928-06-26,"Journalist, newspaper",1928-06-26
808,acF9EcCcB6aa19F,Jenna,Atkins,Female,janicerodriguez@example.com,+1-416-626-8025x601,1927-12-20,Broadcast presenter,1927-12-20
811,d9cdb1B50b11E0a,Grace,Underwood,Female,tiffanymaxwell@example.net,229-769-5865,1928-09-27,Electronics engineer,1928-09-27
812,D4cd00da652b525,Harry,Conrad,Female,raymonddickerson@example.net,383.013.6115x26877,1942-08-02,Neurosurgeon,1942-08-02
813,d0Fd08CEbA41c09,Rebekah,Koch,Female,livingstonrandy@example.com,754-427-9326,1929-08-10,Television production assistant,1929-08-10
814,e96B00Ea1A4AfEb,Jody,Nguyen,Female,birdchristine@example.net,001-874-856-8543x207,1948-08-29,Editorial assistant,1948-08-29
817,71F739A38d5D85A,Patricia,Lane,Female,wolfeshelby@example.org,(344)179-0208x5245,1916-11-11,"Education officer, environmental",1916-11-11
818,8C68f3F7fCdE854,Dorothy,Shannon,Male,tonya08@example.org,053-739-1357x12643,1937-03-10,Industrial buyer,1937-03-10
822,D8A160cFf6B758C,Paula,Daniels,Male,baileybarron@example.net,9035524996,1915-10-04,Engineering geologist,1915-10-04
823,ca405D00cbffbB0,Steve,Peck,Male,nicole39@example.org,726-123-5829,1909-02-11,Physiotherapist,1909-02-11
824,031EEefB0f3f0C0,Franklin,Conley,Female,carlos21@example.org,373-629-5692x404,1914-01-12,"Engineer, broadcasting (operations)",1914-01-12
830,C373a6DfE147b59,Diana,Burnett,Male,griffinadam@example.net,184-399-4232x775,1942-06-20,"Engineer, biomedical",1942-06-20
831,feAb6AB57dE8DB3,Kirk,Stanton,Female,fcantrell@example.org,057.846.9210x0614,1935-04-22,"Scientist, forensic",1935-04-22
833,0e0E47F5b9AbdDe,Sonya,Flowers,Female,novakleroy@example.com,001-187-987-7783,1943-07-19,"Designer, blown glass/stained glass",1943-07-19
835,7EAB1b223De8c22,Margaret,Wang,Male,dfrost@example.net,+1-505-978-8290x492,1939-05-06,Water engineer,1939-05-06
838,c03baDebc04ba3D,Mark,Donovan,Female,lorraineellison@example.org,001-711-429-9158x6035,1914-03-26,Race relations officer,1914-03-26
846,aCabfCFCCa9fB2c,Jonathon,Holden,Male,melodyrichardson@example.net,391-326-9848x09874,1933-09-13,"Designer, jewellery",1933-09-13
848,d599aCa3193b446,Javier,Camacho,Male,shannonthompson@example.com,9906067193,1914-09-11,"Scientist, biomedical",1914-09-11
849,Ccba2A606527545,Shelley,Barajas,Female,pateldennis@example.org,(821)711-5848,1925-01-27,Licensed conveyancer,1925-01-27
854,89F06B3fA6caF36,Gloria,Allison,Female,dtorres@example.net,409.930.8937,1948-06-26,"Doctor, general practice",1948-06-26
855,5BAA7F0Bf70A588,Kristi,Orr,Female,ashley82@example.org,(830)679-1944,1948-04-21,Quality manager,1948-04-21
857,3f66552DA64B9AC,Holly,Cisneros,Female,brandyward@example.com,001-673-249-3523x21337,1919-04-09,English as a second language teacher,1919-04-09
858,F2D75c64c1dBC4e,Stuart,Tapia,Male,destinydean@example.com,780-216-7444x013,1941-12-18,"Horticulturist, commercial",1941-12-18
859,f45723A3eab55fb,Kaylee,Meyers,Female,cameron76@example.com,(684)253-6679x4634,1918-07-30,Acupuncturist,1918-07-30
866,9637A7c8840FbdD,Angela,Novak,Female,briana22@example.org,+1-482-625-9392,1929-05-26,Proofreader,1929-05-26
871,D7A4cDC318400a9,Savannah,Marsh,Female,wesleycontreras@example.com,+1-356-433-2853x10497,1909-08-01,Social researcher,1909-08-01
873,89D9ED9f397ccdF,Jasmine,Mcdaniel,Female,rita98@example.net,+1-727-361-0487,1928-08-05,Cytogeneticist,1928-08-05
876,aF7fB3051A6f821,Natalie,Owens,Male,suzannebradshaw@example.net,949-408-3117x9847,1912-11-07,Professor Emeritus,1912-11-07
877,54B827E53Aaad1B,Craig,Olson,Female,bmoreno@example.org,495.801.0696,1936-06-21,Art gallery manager,1936-06-21
879,0c6D5FE391DDDfF,Ivan,Newton,Male,charlesalexis@example.org,297-274-5014x73862,1939-07-04,Tax adviser,1939-07-04
880,cC7cc25dDF9Bc7c,Cody,Stafford,Female,cfitzgerald@example.net,(145)206-5183x120,1907-03-18,Systems analyst,1907-03-18
887,5E6Db13AF3bddfD,Haley,Pineda,Male,roberta60@example.com,001-240-941-6518x58690,1927-08-02,Graphic designer,1927-08-02
890,4835cD2367aaa0c,Malik,Tate,Male,pedro07@example.org,454.215.0191,1910-07-08,Therapeutic radiographer,1910-07-08
892,9Eb756Bd5F867Ee,Malik,Bruce,Female,gortega@example.com,001-665-942-5937x733,1925-07-26,Animator,1925-07-26
893,d0a4Fd80e3e6cc7,Tonya,Barrett,Male,cameronsandoval@example.net,664.355.3612x031,1929-11-22,Soil scientist,1929-11-22
900,15fDd48A41eCcd0,Cristina,Arroyo,Female,patrickgriffin@example.org,345-586-2372,1908-09-14,Actuary,1908-09-14
902,830EfF83609B48C,Alyssa,Robles,Female,mendezbrenda@example.com,939-220-4965x592,1924-01-10,Chief Operating Officer,1924-01-10
905,9DDa9FF9FdBfC66,Francisco,Fox,Female,iflynn@example.org,+1-781-671-5355x6321,1909-01-06,"Editor, film/video",1909-01-06
906,b83e0c3c1B1dE27,Martha,Lin,Female,caitlynjoseph@example.net,593.328.5077x117,1927-09-08,Academic librarian,1927-09-08
907,c2f4DfEeE02d1Fa,Sarah,Bautista,Female,lindseyallen@example.org,(873)754-7567x954,1934-12-25,Technical sales engineer,1934-12-25
914,89D52456EC4eECE,Yolanda,Wagner,Male,curtis23@example.org,045.558.9873,1931-08-18,Health physicist,1931-08-18
915,a1Bec1eAd03bCAf,Christina,Walters,Female,gamblebeth@example.org,711-330-8727x8347,1917-02-11,Commissioning editor,1917-02-11
916,2c1aBF56c97b969,Dustin,Dyer,Female,dianasloan@example.com,(209)121-8096x75468,1943-01-11,Clinical molecular geneticist,1943-01-11
919,aa1A1Ecb1E1661B,Gail,Skinner,Male,gregjenkins@example.com,(286)353-1333x922,1944-05-11,"Teacher, secondary school",1944-05-11
921,fa1c3AABF9d6d5E,Joanne,Silva,Female,dukestefanie@example.com,990-151-2491x459,1915-09-04,Marine scientist,1915-09-04
922,5Bf923A1cB6ACF3,Cole,Hancock,Male,terryedwards@example.com,001-001-246-3557x8159,1932-12-11,Pensions consultant,1932-12-11
924,bF5721BbCd579Df,Suzanne,Hendrix,Female,lutztimothy@example.com,+1-071-665-5183,1935-01-18,Physiological scientist,1935-01-18
925,3faedEDe9A8686a,Tyler,Morse,Female,andrewgordon@example.net,001-062-569-8803x495,1942-02-25,Personnel officer,1942-02-25
929,9224fea6EB73BF1,Shari,Glenn,Female,chapmanchristie@example.org,5261513548,1927-07-28,Phytotherapist,1927-07-28
930,467Fc9EA1Aae0AD,Stephen,Callahan,Male,tony86@example.com,+1-337-073-4506x5250,1917-03-07,Energy engineer,1917-03-07
931,2BAe5D357b1213b,Geoffrey,Booth,Male,rick35@example.org,102.021.4178,1921-02-01,Associate Professor,1921-02-01
933,2e1ac4F7600ceA5,Mariah,Finley,Male,sergiobishop@example.org,(340)028-1312,1927-11-20,"Conservation officer, nature",1927-11-20
934,b12d138244da69c,Angelica,Frazier,Female,ycervantes@example.net,150.057.0236x586,1930-01-02,"Engineer, maintenance",1930-01-02
949,614f7BFDFD0eb8a,Heather,Holder,Male,gregorygamble@example.com,+1-987-838-3151x752,1928-06-20,"Scientist, research (physical sciences)",1928-06-20
951,aa4b6Ffcd5EA4a8,Johnny,Clarke,Female,sophia77@example.com,(555)556-6988x21736,1938-09-20,Medical sales representative,1938-09-20
956,eA75Ff58254E608,Travis,Krause,Female,beverlyvelasquez@example.org,(915)767-8729x2329,1911-03-18,"Development worker, community",1911-03-18
957,15AeaeA0add0f2a,Kathy,Yoder,Female,mia15@example.org,477-481-4501,1945-09-11,Agricultural consultant,1945-09-11
960,e7C83084cdE54Ce,Joan,Kelly,Female,kelsey66@example.net,001-400-180-8962x830,1929-08-30,Office manager,1929-08-30
964,BeF4EDcC9cb475F,Angel,Marquez,Female,qhowell@example.net,348-920-7215x214,1949-02-14,Outdoor activities/education manager,1949-02-14
965,401D08bA1E0f8bE,Breanna,Mccullough,Female,cschultz@example.org,286.971.1041,1936-01-19,Product designer,1936-01-19
967,584e53eea9f8111,Sherry,Holloway,Male,mclark@example.net,(065)884-2220,1913-11-18,Environmental manager,1913-11-18
969,dd2Ca5BbccCFEC5,Noah,Lloyd,Male,nvaughn@example.com,001-085-594-2403x244,1931-07-20,Travel agency manager,1931-07-20
970,38128d28998a9b8,Vernon,Daugherty,Male,sergio60@example.com,+1-394-301-4367x02144,1929-11-18,Financial adviser,1929-11-18
974,5cAC295A6a4ACB0,Damon,Petersen,Male,tabitha49@example.com,957-423-3354x81042,1931-01-09,Health visitor,1931-01-09
978,66ce83ECBC9E077,Darius,Kerr,Male,leonardsheena@example.com,302-988-4653x3347,1945-12-09,Mental health nurse,1945-12-09
986,bA8b297CbcAcdB6,Susan,Clark,Female,fgallagher@example.com,001-406-691-1535,1914-04-22,Orthoptist,1914-04-22
988,ceeDdd8a6A9684d,Joshua,Walker,Female,uperry@example.com,001-698-784-8170x725,1937-06-20,"Psychologist, prison and probation services",1937-06-20
989,00ED5d507b542D1,Gavin,Banks,Female,dalton42@example.com,001-010-399-4628x822,1930-01-19,Dentist,1930-01-19
991,CBfaec1d322EBEe,Lydia,Obrien,Male,wlove@example.net,001-076-332-8351x0833,1925-09-18,Systems analyst,1925-09-18
998,2adde51d8B8979E,Cathy,Mckinney,Female,georgechan@example.org,+1-750-774-4128x33265,1918-05-13,Commercial/residential surveyor,1918-05-13
1000,8b756f6231DDC6e,Lee,Tran,Female,deannablack@example.org,079.752.5424x67259,1947-01-24,"Nurse, learning disability",1947-01-24
